ticker,series,unlock_time_utc8,D-7_start_utc8,D-7_pct,D-6_pct,D-5_pct,D-4_pct,D-3_pct,D-2_pct,D-1_pct,total_7d_pct,price_source
GRASS,GRASS,2026-09-28 03:19,2026-09-21 03:19,3.358843884,15.47862848,7.13877063,-4.202702626,28.68263447,4.037474218,7.321098046,76.01270883,CoinGecko grass hourly
GRASS,BTC,2026-09-28 03:19,2026-09-21 03:19,6.189533047,0.4761088531,-2.4652027,0.1731412309,-0.6013541596,0.03652581501,0.9764320106,4.66813515,Binance BTCUSDT 1h
B2,B2,2026-09-28 18:13,2026-09-21 18:13,-1.733482837,-2.407448455,1.281665949,-2.570969669,2.920956761,-1.099878644,-3.9116179,-7.442210682,CoinGecko bsquared-network hourly
B2,BTC,2026-09-28 18:13,2026-09-21 18:13,1.890395813,-0.4633408843,-3.017180028,1.56857781,-0.6480547125,1.097391682,-2.681766495,-2.348024953,Binance BTCUSDT 1h
FF,FF,2026-09-29 09:23,2026-09-22 09:23,-0.3590944575,2.554058289,3.544690604,-1.416555998,-1.504265828,-0.9421776461,-5.660811536,-3.989071038,Binance FFUSDT 1h
FF,BTC,2026-09-29 09:23,2026-09-22 09:23,0.6596638147,-2.474411938,0.3226001566,-0.8038774319,0.471934159,-0.1969136008,-1.134193012,-3.149385638,Binance BTCUSDT 1h
MEGA,MEGA,2026-09-29 12:25,2026-09-22 12:25,2.090137165,-4.947750053,-0.1346196993,2.336553583,-1.99780461,-5.309139785,-2.815235392,-10.55954714,Binance MEGAUSDT 1h
MEGA,BTC,2026-09-29 12:25,2026-09-22 12:25,1.180308784,-3.195067555,0.3540638652,-0.3468786325,0.5517577584,-1.260098232,-0.3222996307,-3.060734486,Binance BTCUSDT 1h
ZORA,ZORA,2026-09-30 00:17,2026-09-23 00:17,0.01959290313,0.7123925338,0.7550832727,1.897843592,-5.979316719,-7.364609218,0.3824231484,-9.581359806,CoinGecko zora hourly
ZORA,BTC,2026-09-30 00:17,2026-09-23 00:17,-2.797156589,0.5024167818,-0.7368095979,0.4296027937,0.3652502495,-1.29450183,-0.3622406141,-3.871067712,Binance BTCUSDT 1h
SUI,SUI,2026-10-01 00:02,2026-09-24 00:02,4.951324191,9.91422302,7.422867514,4.578476094,-7.11631664,-1.043569006,4.200720626,24.11807809,Binance SUIUSDT 1h
SUI,BTC,2026-10-01 00:02,2026-09-24 00:02,0.5024167818,-0.7368095979,0.4296027937,0.3652502495,-1.29450183,-0.3622406141,1.283803631,0.1648054669,Binance BTCUSDT 1h
MAV,MAV,2026-10-01 04:27,2026-09-24 04:27,3.533568905,2.133105802,3.926482874,1.92926045,-5.362776025,-1.916666667,-2.718776551,1.148409894,Binance MAVUSDT 1h
MAV,BTC,2026-10-01 04:27,2026-09-24 04:27,-0.1246598358,-0.4651317623,-0.004022851223,0.8562471501,-1.589040882,0.2452106398,0.01094576035,-1.082420313,Binance BTCUSDT 1h
EIGEN,EIGEN,2026-10-01 10:46,2026-09-24 10:46,0.1271725307,9.610499577,4.866743917,-0.6629834254,-8.305524657,2.22401941,-2.175632911,4.832556168,Binance EIGENUSDT 1h
EIGEN,BTC,2026-10-01 10:46,2026-09-24 10:46,0.6020972756,-0.631208284,0.4975696587,-0.9474997399,-0.7484489408,0.4574564866,0.08395646583,-0.6970864171,Binance BTCUSDT 1h
NUMI,NUMI,2026-10-01 15:00,2026-09-24 15:00,-0.01883925474,-0.03962688466,0.1665504982,-0.1610842206,2.196569443,-2.460563591,0.7562787632,0.3823354801,CoinGecko numine-token hourly
NUMI,BTC,2026-10-01 15:00,2026-09-24 15:00,-0.09271940462,-0.1722832867,0.7396005518,-1.593755846,1.012796523,-1.147439138,1.298493771,0.008857027368,Binance BTCUSDT 1h
BEAT,BEAT,2026-10-01 16:00,2026-09-24 16:00,1.547240086,3.040329691,2.874741966,-12.14407295,3.005470968,-0.1283589894,1.580874051,-1.17436533,CoinGecko audiera hourly
BEAT,BTC,2026-10-01 16:00,2026-09-24 16:00,-0.5679568956,0.08665703044,0.8015046699,-2.152339535,1.223356556,-0.8050038003,0.1500631655,-1.294413115,Binance BTCUSDT 1h
SUI,SUI,2026-10-02 03:19,2026-09-25 03:19,13.03180915,1.776448861,10.42080705,-8.435714845,-1.888727459,1.228222997,1.067033818,16.74950298,Binance SUIUSDT 1h
SUI,BTC,2026-10-02 03:19,2026-09-25 03:19,-0.6013541596,0.03652581501,0.9764320106,-0.9168714462,-0.4773730596,0.3706480153,1.014901606,0.3859202157,Binance BTCUSDT 1h
ZETA,ZETA,2026-10-02 07:29,2026-09-25 07:29,7.960509496,1.169280637,-3.447032786,-3.565060697,1.864137932,-2.044323387,-1.112047865,0.3478171597,CoinGecko zetachain hourly
ZETA,BTC,2026-10-02 07:29,2026-09-25 07:29,-0.230512788,0.2294873937,-0.09580425082,-0.7735113861,0.08138225589,0.0883366024,1.271278087,0.5605541325,Binance BTCUSDT 1h
ENA,ENA,2026-10-02 08:00,2026-09-25 08:00,19.32324132,0.5597014925,1.07606679,-5.763582966,-3.233346319,6.642512077,-8.154020385,8.325912734,Binance ENAUSDT 1h
ENA,BTC,2026-10-02 08:00,2026-09-25 08:00,-0.3675383461,0.3960879905,0.04607197342,-1.150677011,0.1959880005,-0.04789415142,1.502518607,0.5565793913,Binance BTCUSDT 1h
Q,Q,2026-10-02 08:00,2026-09-25 08:00,-7.81999131,40.13182201,-7.045970559,-29.19021062,6.358795582,-4.863427719,-8.229582333,-21.04881449,CoinGecko quack-ai hourly
Q,BTC,2026-10-02 08:00,2026-09-25 08:00,-0.3675383461,0.3960879905,0.04607197342,-1.150677011,0.1959880005,-0.04789415142,1.502518607,0.5565793913,Binance BTCUSDT 1h
OPN,OPN,2026-10-02 08:00,2026-09-25 08:00,0.3868471954,0.7707129094,7.648183556,-6.039076377,2.457466919,-0.5535055351,15.39888683,20.30947776,Binance OPNUSDT 1h
OPN,BTC,2026-10-02 08:00,2026-09-25 08:00,-0.3675383461,0.3960879905,0.04607197342,-1.150677011,0.1959880005,-0.04789415142,1.502518607,0.5565793913,Binance BTCUSDT 1h
SOMI,SOMI,2026-10-02 08:00,2026-09-25 08:00,4.730749874,5.958673715,-1.360544218,-7.126436782,-0.9405940594,12.24387806,-6.322350846,5.88827378,Binance SOMIUSDT 1h
SOMI,BTC,2026-10-02 08:00,2026-09-25 08:00,-0.3675383461,0.3960879905,0.04607197342,-1.150677011,0.1959880005,-0.04789415142,1.502518607,0.5565793913,Binance BTCUSDT 1h
AIO,AIO,2026-10-02 08:00,2026-09-25 08:00,-0.334137104,5.205026209,0.4181621683,-7.473826386,4.837292667,-4.195612645,1.654378772,-0.5311545432,CoinGecko olaxbt hourly
AIO,BTC,2026-10-02 08:00,2026-09-25 08:00,-0.3675383461,0.3960879905,0.04607197342,-1.150677011,0.1959880005,-0.04789415142,1.502518607,0.5565793913,Binance BTCUSDT 1h
EVAA,EVAA,2026-10-02 08:00,2026-09-25 08:00,2.04198594,-5.222789695,7.043412877,-6.732010716,-5.816156376,1.391253512,-1.414489674,-9.099687495,CoinGecko evaa-protocol hourly
EVAA,BTC,2026-10-02 08:00,2026-09-25 08:00,-0.3675383461,0.3960879905,0.04607197342,-1.150677011,0.1959880005,-0.04789415142,1.502518607,0.5565793913,Binance BTCUSDT 1h
BTW,BTW,2026-10-02 16:00,2026-09-25 16:00,-13.25285569,23.57332361,31.3670768,-13.24940497,-13.79113597,32.71625974,4.771360126,46.4392685,CoinGecko bitway hourly
BTW,BTC,2026-10-02 16:00,2026-09-25 16:00,0.08665703044,0.8015046699,-2.152339535,1.223356556,-0.8050038003,0.1500631655,3.187956648,2.434059509,Binance BTCUSDT 1h
2Z,2Z,2026-10-02 21:00,2026-09-25 21:00,28.16040281,-5.879051494,-3.875968992,6.172456576,-6.281040023,-8.712593516,0.6829434864,6.042078763,Binance 2ZUSDT 1h
2Z,BTC,2026-10-02 21:00,2026-09-25 21:00,-0.4970890282,0.8924487004,-1.441310176,0.9010555787,1.135346428,-1.822363898,3.671048612,2.768048363,Binance BTCUSDT 1h
M,M,2026-10-03 08:00,2026-09-26 08:00,0.8434756312,-4.879254003,-1.439249274,-10.28055085,1.081943016,0.9907572983,0.5176480789,-12.96154305,CoinGecko memecore hourly
M,BTC,2026-10-03 08:00,2026-09-26 08:00,0.3960879905,0.04607197342,-1.150677011,0.1959880005,-0.04789415142,1.502518607,-0.4265431041,0.4970273484,Binance BTCUSDT 1h
DJED,DJED,2026-10-03 08:00,2026-09-26 08:00,1.279380883,-0.3504568286,0.5068131635,-0.5341069728,-0.8264731884,1.112166239,-0.3305124139,0.8387461962,CoinGecko djed hourly
DJED,BTC,2026-10-03 08:00,2026-09-26 08:00,0.3960879905,0.04607197342,-1.150677011,0.1959880005,-0.04789415142,1.502518607,-0.4265431041,0.4970273484,Binance BTCUSDT 1h
STO,STO,2026-10-03 08:00,2026-09-26 08:00,4.035874439,-2.801724138,-3.10421286,1.372997712,-3.837471783,1.17370892,-2.552204176,-5.829596413,Binance STOUSDT 1h
STO,BTC,2026-10-03 08:00,2026-09-26 08:00,0.3960879905,0.04607197342,-1.150677011,0.1959880005,-0.04789415142,1.502518607,-0.4265431041,0.4970273484,Binance BTCUSDT 1h
FOLKS,FOLKS,2026-10-03 08:00,2026-09-26 08:00,1.150655942,5.903777159,-0.2563080437,1.843178059,-5.480707919,4.425519968,-1.877796257,5.38818766,CoinGecko folks hourly
FOLKS,BTC,2026-10-03 08:00,2026-09-26 08:00,0.3960879905,0.04607197342,-1.150677011,0.1959880005,-0.04789415142,1.502518607,-0.4265431041,0.4970273484,Binance BTCUSDT 1h
