ticker,name,unlock_time_utc8,unlock_type,amount,value_usd_source,value_usd_at_unlock,pct_circ,recipients,sources,n_sources,single_source,flags,source_times_utc8,source_amounts,source_urls,coingecko_id,price_source,price_7d_before,price_at_unlock,price_24h_after,price_now,price_now_time_utc8,pre7d_change_pct,post_unlock_change_pct,change_24h_after_pct,post_low_vs_unlock_pct,post_high_vs_unlock_pct,btc_pre7d_change_pct,btc_post_change_pct,relative_vs_btc_post_pp,post_window_hours
GRASS,Grass,2026-09-28 03:19,cliff,20712488.89,N/A,13058882.17,2.929460965,privateSale:10.50M; insiders:4.89M; farming:2.71M; noncirculating:2.61M,DefiLlama,1,yes,single_source,DefiLlama@2026-09-28 03:19,DefiLlama=20.71M,https://defillama.com/unlocks/grass,grass,CoinGecko grass hourly,0.3582033872,0.6304834849,0.5905337329,0.7160581894,2026-10-04 07:58,76.01270883,13.57287012,-6.336367711,-13.219729,21.34165687,4.66813515,-0.07698758543,13.6498577,148.7
B2,B2 Buzz,2026-09-28 18:13,cliff,3175085.524,N/A,1534697.415,3.344477761,ecosystem:1.07M; privateSale:840.00K; Uncategorized:679.41K; insiders:583.33K,DefiLlama,1,yes,single_source,DefiLlama@2026-09-28 18:13,DefiLlama=3.18M,https://defillama.com/unlocks/buzz-farming,bsquared-network,CoinGecko bsquared-network hourly,0.5222210342,0.4833562446,0.513082704,0.5016952667,2026-10-04 07:58,-7.442210682,3.794100576,6.150010412,-0.169950316,11.73256069,-2.348024953,2.525294253,1.268806323,133.7
FF,Falcon Finance,2026-09-29 09:23,cliff,203055555.6,N/A,24973802.78,6.073950976,ecosystem:135.00M; insiders:55.56M; privateSale:12.50M,DefiLlama,1,yes,single_source,DefiLlama@2026-09-29 09:23,DefiLlama=203.06M,https://defillama.com/unlocks/falcon-finance,falcon-finance-ff,Binance FFUSDT 1h,0.1281,0.12299,0.12896,0.11498,2026-10-04 07:58,-3.989071038,-6.512724612,4.854053175,-7.024961379,7.252622164,-3.149385638,1.88479533,-8.397519941,118.6
MEGA,MegaETH Bridge,2026-09-29 12:25,cliff,20833333.33,N/A,855833.3333,1.24064999,publicSale:20.83M,DefiLlama,1,yes,single_source,DefiLlama@2026-09-29 12:25,DefiLlama=20.83M,https://defillama.com/unlocks/megaeth-bridge,megaeth,Binance MEGAUSDT 1h,0.04593,0.04108,0.04218,0.05,2026-10-04 07:58,-10.55954714,21.71372931,2.677702045,0.4138266796,33.47127556,-3.060734486,2.026688335,19.68704097,115.6
ZORA,ZORA Protocol,2026-09-30 00:17,cliff,166666666.7,N/A,1319376.416,2.941176471,privateSale:72.50M; insiders:52.50M; noncirculating:41.67M,DefiLlama,1,yes,single_source,DefiLlama@2026-09-30 00:17,DefiLlama=166.67M,https://defillama.com/unlocks/zora-protocol,zora,CoinGecko zora hourly,0.00875511784,0.007916258498,0.008040357472,0.007736018809,2026-10-04 07:58,-9.581359806,-2.276829256,1.567646812,-4.835067213,3.089178953,-3.871067712,2.029144797,-4.305974053,103.7
SUI,Sui Foundation,2026-10-01 00:02,cliff,6069367,N/A,7196448.452,0.1467850663,noncirculating:6.07M,DefiLlama,1,yes,single_source,DefiLlama@2026-10-01 00:02,DefiLlama=6.07M,https://defillama.com/unlocks/sui-foundation,sui,Binance SUIUSDT 1h,0.9553,1.1857,1.1497,1.1845,2026-10-04 07:58,24.11807809,-0.1012060386,-3.036181159,-5.583199798,1.855444041,0.1648054669,0.7358937358,-0.8370997744,79.9
MAV,Maverick Protocol,2026-10-01 04:27,cliff,45650080,N/A,522693.416,4.137927212,privateSale:30.00M; insiders:8.17M; farming:7.48M,DefiLlama,1,yes,single_source,DefiLlama@2026-10-01 04:27,DefiLlama=45.65M,https://defillama.com/unlocks/maverick-protocol,maverick-protocol,Binance MAVUSDT 1h,0.01132,0.01145,0.01148,0.01136,2026-10-04 07:58,1.148409894,-0.7860262009,0.2620087336,-1.310043668,4.890829694,-1.082420313,1.376036504,-2.162062705,75.5
EIGEN,EigenCloud,2026-10-01 10:46,cliff,36820227,N/A,9105642.137,4.089403406,privateSale:19.75M; insiders:17.07M,DefiLlama,1,yes,single_source,DefiLlama@2026-10-01 10:46,DefiLlama=36.82M,https://defillama.com/unlocks/eigencloud,eigenlayer,Binance EIGENUSDT 1h,0.2359,0.2473,0.2489,0.2605,2026-10-04 07:58,4.832556168,5.337646583,0.6469874646,-3.639304488,7.521229276,-0.6970864171,1.479320583,3.858326,69.2
NUMI,NUMINE,2026-10-01 15:00,linear,26136169.72,628340.4098,625774.4497,6.662968918,Team:1.84M; Private Sale:21.11M; Seed:2.22M; Partner & Advisory:966.10K,CoinMarketCap,1,yes,single_source,CoinMarketCap@2026-10-01 15:00,CoinMarketCap=26.14M,https://coinmarketcap.com/currencies/numine/,numine-token,CoinGecko numine-token hourly,0.02385165888,0.02394285224,0.02390210852,0.02361820457,2026-10-04 07:58,0.3823354801,-1.355927279,-0.1701706732,-1.355927279,0.01622404942,0.008857027368,0.7514373563,-2.107364635,65
BEAT,Audiera,2026-10-01 16:00,linear,11250000,1033544.319,1036972.408,3.186818381,Community:8.33M; Foundation:2.92M,CoinMarketCap,1,yes,single_source,CoinMarketCap@2026-10-01 16:00,CoinMarketCap=11.25M,https://coinmarketcap.com/currencies/audiera/,audiera,CoinGecko audiera hourly,0.09327066348,0.09217532515,0.09050797491,0.08638231502,2026-10-04 07:58,-1.17436533,-6.284773188,-1.808889998,-8.086394504,1.000259831,-1.294413115,1.586528959,-7.871302147,64
SUI,Sui Foundation,2026-10-02 03:19,cliff,14716150.51,N/A,17284118.77,0.3559038575,insiders:7.37M; staking:7.35M,DefiLlama,1,yes,single_source,DefiLlama@2026-10-02 03:19,DefiLlama=14.72M,https://defillama.com/unlocks/sui-foundation,sui,Binance SUIUSDT 1h,1.006,1.1745,1.1212,1.1845,2026-10-04 07:58,16.74950298,0.8514261388,-4.53810132,-4.682843763,2.826734781,0.3859202157,-0.05713307301,0.9085592118,52.7
ZETA,ZetaChain,2026-10-02 07:29,cliff,44260416.67,N/A,2265075.934,2.681571125,insiders:22.46M; noncirculating:18.08M; ecosystem:2.62M; farming:1.09M,DefiLlama,1,yes,single_source,DefiLlama@2026-10-02 07:29,DefiLlama=44.26M,https://defillama.com/unlocks/zetachain,zetachain,CoinGecko zetachain hourly,0.05099872728,0.0511761096,0.04849391801,0.04881991452,2026-10-04 07:00,0.3478171597,-4.604091832,-5.241101008,-6.746994782,1.294941571,0.5605541325,0.004519187905,-4.60861102,48.5
ENA,Ethena,2026-10-02 08:00,linear,95312500,23134708.89,23189531.25,0.9441262962,Foundation:40.62M; Ecosystem incentives:54.69M,CoinMarketCap,1,yes,single_source,CoinMarketCap@2026-10-02 08:00,CoinMarketCap=95.31M,https://coinmarketcap.com/currencies/ethena/,ethena,Binance ENAUSDT 1h,0.2246,0.2433,0.2325,0.2392,2026-10-04 07:58,8.325912734,-1.685162351,-4.438964242,-5.096588574,2.589395808,0.5565793913,-0.1490102798,-1.536152071,48
Q,Quack AI,2026-10-02 08:00,linear,190277777.8,3898850.183,3937604.113,4.246142499,Community:83.33M; Investors  & Advisor:45.83M; Core Team:41.67M; Treasury:19.44M,CoinMarketCap,1,yes,single_source,CoinMarketCap@2026-10-02 08:00,CoinMarketCap=190.28M,https://coinmarketcap.com/currencies/quack-ai/,quack-ai,CoinGecko quack-ai hourly,0.0262111046,0.02069397782,0.0218718045,0.02194945726,2026-10-04 07:00,-21.04881449,6.066883101,5.691639817,-2.587007166,9.851142794,0.5565793913,-0.1490102798,6.215893381,48
OPN,Opinion,2026-10-02 08:00,linear,30358083.67,1885455.753,1888272.804,16.74795199,Airdrop:20.00M; Foundation:9.17M; Ecosystem:1.19M,CoinMarketCap | DefiLlama,2,no,date_conflict(34h); amount_conflict,CoinMarketCap@2026-10-02 08:00 | DefiLlama@2026-10-03 18:29,CoinMarketCap=30.36M | DefiLlama=10.36M,https://coinmarketcap.com/currencies/opinion/ | https://defillama.com/unlocks/opinion,opinion,Binance OPNUSDT 1h,0.0517,0.0622,0.0586,0.055,2026-10-04 07:58,20.30947776,-11.5755627,-5.78778135,-12.05787781,0,0.5565793913,-0.1490102798,-11.42655242,48
SOMI,Somnia,2026-10-02 08:00,linear,8751348.039,1839934.948,1841283.627,3.049328312,Community:4.11M; Foundation:4.64M,CoinMarketCap,1,yes,single_source,CoinMarketCap@2026-10-02 08:00,CoinMarketCap=8.75M,https://coinmarketcap.com/currencies/somnia/,somnia,Binance SOMIUSDT 1h,0.1987,0.2104,0.2017,0.2153,2026-10-04 07:58,5.88827378,2.328897338,-4.134980989,-6.036121673,2.328897338,0.5565793913,-0.1490102798,2.477907618,48
AIO,OLAXBT,2026-10-02 08:00,linear,26412500,1013806.937,1015372.083,11.47122693,Private Sale investor:5.83M; Team/Advisors/Contractors:6.25M; Ecosystem incentives:6.92M; Treasury:5.43M; Marketing/Operations:1.98M,CoinMarketCap,1,yes,single_source,CoinMarketCap@2026-10-02 08:00,CoinMarketCap=26.41M,https://coinmarketcap.com/currencies/olaxbt/,olaxbt,CoinGecko olaxbt hourly,0.038648143,0.03844286164,0.03827125385,0.04047549436,2026-10-04 07:00,-0.5311545432,5.287412631,-0.4463970163,-3.439644769,9.8211173,0.5565793913,-0.1490102798,5.436422911,48
EVAA,EVAA Protocol,2026-10-02 08:00,linear,770833.3333,501543.9688,503440.3277,4.317344825,Founders & Team:687.50K; Advisors:83.33K,CoinMarketCap,1,yes,single_source,CoinMarketCap@2026-10-02 08:00,CoinMarketCap=770.83K,https://coinmarketcap.com/currencies/evaa-protocol/,evaa-protocol,CoinGecko evaa-protocol hourly,0.7184923335,0.6531117765,0.8172117841,0.7586442923,2026-10-04 07:00,-9.099687495,16.1584157,25.12586873,0,25.12586873,0.5565793913,-0.1490102798,16.30742598,48
BTW,Bitway,2026-10-02 16:00,linear,101628455.3,143809935.3,148569019.5,3.61696611,Community:60.17M; Ecosystem:41.46M,CoinMarketCap,1,yes,single_source,CoinMarketCap@2026-10-02 16:00,CoinMarketCap=101.63M,https://coinmarketcap.com/currencies/bitway-btw/,bitway,CoinGecko bitway hourly,0.9982869223,1.461884067,1.443575395,1.032581739,2026-10-04 07:00,46.4392685,-29.36637301,-1.252402418,-29.36637301,7.696774209,2.434059509,-1.551952128,-27.81442088,40
2Z,DoubleZero,2026-10-02 21:00,cliff/linear,1778803594,100155942.4,104896047.9,51.24141921,Validators:14.60M; Jump Crypto:622.92M; Malbec Labs:379.17M; Team:261.35M; Institutions:329.04M; Contributors:108.33M; Builders:51.88M; Ecosystem Grants:11.51M,CoinMarketCap | DefiLlama,2,no,date_conflict(13h),CoinMarketCap@2026-10-02 21:00 | DefiLlama@2026-10-02 08:00,CoinMarketCap=1.78B | DefiLlama=1.69B,https://coinmarketcap.com/currencies/doublezero/ | https://defillama.com/unlocks/doublezero,doublezero,Binance 2ZUSDT 1h,0.05561,0.05897,0.04584,0.04541,2026-10-04 07:58,6.042078763,-22.99474309,-22.26555876,-23.65609632,0,2.768048363,-2.36889732,-20.62584577,35
M,MemeCore,2026-10-03 08:00,linear,56480837.38,59640740.31,59648433.85,2.475155265,Block Rewards:369.73K; Investors:12.50M; Community:24.31M; Foundation:11.67M; Core Contributors:7.64M,CoinMarketCap | DefiLlama,2,no,date_conflict(11h); short_post_window(24.0h),CoinMarketCap@2026-10-03 08:00 | DefiLlama@2026-10-02 21:15,CoinMarketCap=56.48M | DefiLlama=56.11M,https://coinmarketcap.com/currencies/memecore/ | https://defillama.com/unlocks/memecore,memecore,CoinGecko memecore hourly,1.21335179,1.056082675,N/A,1.029416678,2026-10-04 07:00,-12.96154305,-2.524991436,N/A,-4.007482346,1.104184184,0.4970273484,0.2787216924,-2.803713128,24
DJED,Djed,2026-10-03 08:00,deflationary,7699990.869,7816818.251,7729075.758,233.800369,Rewards and Incentives:4.47M; Ecosystem:1.85M; Development:1.39M,CoinMarketCap,1,yes,single_source; short_post_window(24.0h),CoinMarketCap@2026-10-03 08:00,CoinMarketCap=7.70M,https://coinmarketcap.com/currencies/djed/,djed,CoinGecko djed hourly,0.9954281471,1.003777263,N/A,0.993859814,2026-10-04 07:00,0.8387461962,-0.9880128992,N/A,-2.401199507,1.014966454,0.4970273484,0.2787216924,-1.266734592,24
STO,StakeStone,2026-10-03 08:00,linear,21351034.29,894069.7564,896743.44,9.475311088,Ecosystem and Treasury:833.33K; Investor:8.96M; Team:4.17M; Community:3.72M; Foundation:3.67M,CoinMarketCap | DefiLlama,2,no,short_post_window(24.0h),CoinMarketCap@2026-10-03 08:00 | DefiLlama@2026-10-03 04:42,CoinMarketCap=21.35M | DefiLlama=21.35M,https://coinmarketcap.com/currencies/stakestone/ | https://defillama.com/unlocks/stakestone,stakestone,Binance STOUSDT 1h,0.0446,0.042,N/A,0.041,2026-10-04 07:00,-5.829596413,-2.380952381,N/A,-2.857142857,0,0.4970273484,0.2787216924,-2.659674073,24
FOLKS,Folks Finance,2026-10-03 08:00,linear,304292.6605,750656.5058,751016.188,1.691906138,Strategic Supporters:13.44K; Community:290.86K,CoinMarketCap,1,yes,single_source; short_post_window(24.0h),CoinMarketCap@2026-10-03 08:00,CoinMarketCap=304.29K,https://coinmarketcap.com/currencies/folks-finance/,folks,CoinGecko folks hourly,2.341886725,2.468071977,N/A,2.439493286,2026-10-04 07:00,5.38818766,-1.157935855,N/A,-3.521377061,0.5925801929,0.4970273484,0.2787216924,-1.436657547,24
