ticker,exchange,pairs,announce_utc8,announce_note,delist_utc8,gap_days,ann_in_pre7d,coingecko_id,price_source,mcap_usd_at_delist_cg,vol24h_usd_at_delist_cg,price_7d_before,price_at_delist,price_now,price_now_time_utc8,pre7d_change_pct,post_delist_change_pct,post_low_pct,post_high_pct,ann_to_delist_change_pct,ann_24h_change_pct,btc_pre7d_change_pct,btc_post_change_pct,relative_vs_btc_post_pp,source_url
IOTX,Coinbase,IOTX全部交易对,2026-08-25 02:20,公告时间按X推文约8/24 2:20PM ET推算(不精确),2026-09-24 02:00,30,no,iotex,Binance IOTXUSDT 1h,35627232.02,4619702.542,0.00275,0.003771,0.003507,2026-10-01 17:00,37.12727273,-7.000795545,-13.28560064,0,N/A,N/A,11.29213301,-0.8796992169,-6.121096328,https://www.tokenpost.com/news/business/23439
USDP,Binance,全部现货交易对,2026-09-10 14:00,,2026-09-24 11:00,13.9,no,paxos-standard,CoinGecko paxos-standard hourly,28035338.62,6119476.909,0.9975462331,0.9982563292,0.9987118204,2026-10-01 16:59,0.07118427333,0.04562868245,-1.05598951,0.07029201326,N/A,N/A,10.46947617,-0.9255199545,0.971148637,https://www.binance.com/en/support/announcement/detail/8e6fd91b79a34bddbd7643ef002db47e
NEON,Bybit,NEONUSDT,2026-09-17 17:30,,2026-09-24 16:00,6.9,yes,neon,CoinGecko neon hourly,28528391.27,11143326.41,0.01250060905,0.06618836795,0.02811393228,2026-10-01 16:59,429.4811453,-57.52436092,-57.71374251,65.30863919,430.8285398,1.912378314,10.54271249,-1.111269909,-56.41309101,https://announcements.bybit.com/en/article/bybit-to-delist-4-token-s-on-sep-24-2026--art1a1071a0dd4e/
SUNDOG,Bybit,SUNDOGUSDT,2026-09-17 17:30,,2026-09-24 16:00,6.9,yes,sundog,CoinGecko sundog hourly,2858064.801,583650.4367,0.002897890983,0.002858064801,0.002865268731,2026-10-01 16:59,-1.374316107,0.252056226,-4.462813414,8.417762984,-2.029011653,-6.820998349,10.54271249,-1.111269909,1.363326135,https://announcements.bybit.com/en/article/bybit-to-delist-4-token-s-on-sep-24-2026--art1a1071a0dd4e/
ICX,Bybit,ICXUSDT,2026-09-17 17:30,,2026-09-24 16:00,6.9,yes,icon,CoinGecko icon hourly,15556891.49,1802135.938,0.01297673884,0.01417692072,0.01088841648,2026-10-01 16:59,9.248717235,-23.19618137,-28.22171362,14.13235017,32.63799382,16.58034926,10.54271249,-1.111269909,-22.08491146,https://announcements.bybit.com/en/article/bybit-to-delist-4-token-s-on-sep-24-2026--art1a1071a0dd4e/
TAC,Bybit,TACUSDT,2026-09-17 17:30,,2026-09-24 16:00,6.9,yes,tac,CoinGecko tac hourly,9361381.033,2137983.715,0.001800643714,0.001558922353,0.001530244814,2026-10-01 16:00,-13.42416376,-1.839574593,-8.230207291,5.304803335,-12.55949594,-6.314410091,10.54271249,-1.111269909,-0.7283046846,https://announcements.bybit.com/en/article/bybit-to-delist-4-token-s-on-sep-24-2026--art1a1071a0dd4e/
COTI,Bitget,COTI/USDT,2026-09-18 18:00,,2026-09-24 18:00,6,yes,coti,Binance COTIUSDT 1h,46156312.01,57544296.41,0.01837,0.01549,0.01339,2026-10-01 17:00,-15.67773544,-13.55713363,-18.52808263,9.167204648,-30.38202247,-7.775280899,8.887268459,0.3852447085,-13.94237834,https://www.bitget.com/support/articles/12560603895618
SAGA,Bitget,SAGA/USDT,2026-09-18 18:00,,2026-09-24 18:00,6,yes,saga-2,Binance SAGAUSDT 1h,19083225.8,96111146.58,0.02097,0.04574,0.02497,2026-10-01 17:00,118.1211254,-45.40883253,-46.0647136,61.52164408,111.8573414,28.11486799,8.887268459,0.3852447085,-45.79407724,https://www.bitget.com/support/articles/12560603895618
RVN,Bitget,RVN/USDT,2026-09-18 18:00,,2026-09-24 18:00,6,yes,ravencoin,Binance RVNUSDT 1h,37811882.03,3904969.29,0.00218,0.002292,0.002391,2026-10-01 17:00,5.137614679,4.319371728,-2.661431065,9.162303665,3.71040724,4.07239819,8.887268459,0.3852447085,3.934127019,https://www.bitget.com/support/articles/12560603895618
SNX,Upbit,SNX/BTC(Upbit唯一SNX市场),2026-08-28 15:00,,2026-09-28 14:00,31,no,havven,Binance SNXUSDT 1h,143742732,16726885.63,0.2288,0.2478,0.2557,2026-10-01 17:00,8.304195804,3.188054883,-3.147699758,5.528652139,N/A,N/A,2.003666217,0.4817392768,2.706315606,https://api-manager.upbit.com/api/v1/announcements/6529
BADGER,Coinbase,全部交易对,2026-08-28 00:00,公告日8/28(具体时刻未知),2026-09-29 02:00,32.1,no,badger-dao,CoinGecko badger-dao hourly,6501153.635,37878.13384,0.3843408878,0.3332354137,0.3330073941,2026-10-01 16:00,-13.29691318,-0.06842598562,-3.710839998,1.115447713,N/A,N/A,-2.347992717,-0.3524186955,0.2839927099,https://crypto.news/coinbase-to-suspend-badger-and-storj-trading-sept-28/
STORJ,Coinbase,全部交易对,2026-08-28 00:00,公告日8/28(具体时刻未知),2026-09-29 02:00,32.1,no,storj,CoinGecko storj hourly,13096597.47,3820728.835,0.03256989166,0.03081552361,0.03069641509,2026-10-01 16:00,-5.386471872,-0.3865211658,-2.871243374,0.9522818401,N/A,N/A,-2.347992717,-0.3524186955,-0.03410247031,https://crypto.news/coinbase-to-suspend-badger-and-storj-trading-sept-28/
