token,exchange,role,announce_utc8,announce_note,launch_utc8,gap_h,max_leverage,spot_on_exchange,coingecko_id,price_source,first_price_point_utc8,mcap_usd_at_launch_cg,vol24h_usd_at_launch_cg,price_7d_before,price_at_launch,price_now,price_now_time,pre7d_pct,post_pct,post_low_pct,post_high_pct,ann_to_launch_pct,btc_pre7d_pct,btc_post_pct,post_hours,source_url
KII,OKX,anchor,2026-09-24 17:00,OKX公告发布时间(Tokenearly转录),2026-09-24 19:00,2,20x,否(OKX无KII现货),kiichain,CoinGecko kiichain 小时,2026-09-15 18:00,27997951.56,24384220,0.083329756,0.07978747223,0.08863174076,2026-10-01 17:00,-4.250923006,11.08478347,-1.137896916,19.48744022,0.6054476016,9.306286575,0.06559520645,166.5,https://tokenearly.com/announcement/6ab4e6ca91bcc1046f243bb5.html
KII,Bybit,secondary,2026-09-28 18:06,"公告即上线(""Trading is now open"")",2026-09-28 18:06,0,5x,否(仅Bybit Alpha),kiichain,CoinGecko kiichain 小时,2026-09-15 18:00,27895929.21,74604104.77,0.08138356897,0.07943689379,0.08863174076,2026-10-01 17:00,-2.391975685,11.57503339,0.3342965717,20.01477354,N/A,-2.348024953,1.089891722,71.4,https://announcements.bybit.com/en/article/new-listing-kiiusdt-perpetual-contract-in-innovation-zone-with-up-to-5x-leverage--art19f31101a8d2/
XDP,OKX,anchor,2026-09-28 21:00,OKX公告发布时间(Tokenearly转录),2026-09-28 22:00,1,20x,是(OKX现货同日21:00新开),doppler-finance,OKX XDP-USDT 现货1h(CoinGecko上线时刻无数据),2026-09-28 21:00,N/A,N/A,N/A,0.027855,0.019657,2026-10-01 17:00,N/A,-29.43098187,-34.37084904,0,N/A,-2.134594492,-0.08967983665,67.5,https://tokenearly.com/announcement/6aba653291bcc1046f245aab.html
XDP,Bybit,secondary,2026-09-29 17:44,公告即上线,2026-09-29 17:44,0,25x,未见Bybit现货公告,doppler-finance,OKX XDP-USDT 现货1h(CoinGecko上线时刻无数据),2026-09-28 21:00,N/A,49718649.69,N/A,0.02349,0.019657,2026-10-01 17:00,N/A,-16.31758195,-18.2247765,5.679012346,N/A,-2.725188193,-0.3660609526,47.8,https://announcements.bybit.com/en/article/new-listing-xdpusdt-perpetual-contract-in-innovation-zone-with-up-to-25x-leverage--art4ecba634c35d/
CT,OKX,anchor,2026-09-30 18:00,OKX公告发布时间(Tokenearly转录),2026-09-30 19:00,1,20x,是(OKX现货同日18:00新开),concrete,CoinGecko concrete 小时,2026-09-30 16:00,N/A,684242.4251,N/A,0.2751067352,0.4272040551,2026-10-01 17:00,N/A,55.28665804,0,55.28665804,-0.4784789044,-2.333564199,-0.4182892824,22.5,https://tokenearly.com/announcement/6abcde0291bcc1046f246efd.html
CT,Bitget,secondary,2026-10-01 14:52,,2026-10-01 15:03,0.18,20x,是(Bitget现货09-30 18:00),concrete,CoinGecko concrete 小时,2026-09-30 16:00,N/A,300184973.9,N/A,0.4128309348,0.4272040551,2026-10-01 17:00,N/A,3.481599643,0.3145344183,3.481599643,4.921565437,0.008857027368,-0.6591303407,2.5,https://www.bitget.com/support/articles/12560603896419
CT,Binance,secondary,2026-10-01 14:30,,2026-10-01 15:45,1.25,20x,否(Binance无CT现货),concrete,CoinGecko concrete 小时,2026-09-30 16:00,N/A,300184973.9,N/A,0.4128309348,0.4272040551,2026-10-01 17:00,N/A,3.481599643,0.3145344183,3.481599643,4.921565437,0.008857027368,-0.6591303407,1.8,https://www.binance.com/en/support/announcement/detail/6bd26adeb6f742fe88eb72faca183566
CT,Bybit,secondary,2026-10-01 17:26,"公告即上线(""Trading is now open"")",2026-10-01 17:26,0,20x,N/A(Bybit API被屏蔽),concrete,CoinGecko concrete 小时,2026-09-30 16:00,N/A,318546350.7,N/A,0.4272040551,N/A,2026-10-01 17:00,N/A,N/A,N/A,N/A,N/A,-0.1112000823,0,0.1,https://announcements.bybit.com/en/article/new-listing-ctusdt-perpetual-contract-with-up-to-20x-leverage--art4fe8469b5876/
QNT,OKX,anchor,2026-10-01 15:03,Odaily快讯时间(官方公告时刻未取到),2026-10-01 16:00,0.95,50x,否(OKX无Quant现货),quant-network,Binance QNTUSDT 现货1h,2026-09-17 00:00,4369582526,753146657.2,71.81,301.37,295.8,2026-10-01 17:00,319.6769252,-1.848226433,-1.848226433,0,1.728270042,-1.294413115,0.1642695853,1.5,https://www.odaily.news/zh-CN/newsflash/521829
